Designator,Footprint,Mid X,Mid Y,Layer,Rotation,Comment
AA1_TOP_LEFT,SMARTPRJ_FIDUCIA-MOUNT,1000.00mm,1000.00mm,T,0,MarkPoint
AA1_TOP_RIGHT,SMARTPRJ_FIDUCIA-MOUNT,1067.00mm,1000.00mm,T,0,MarkPoint
AA1_BOT_LEFT,SMARTPRJ_FIDUCIA-MOUNT,1000.00mm,928.50mm,T,0,MarkPoint
AA1_BOT_RIGHT,SMARTPRJ_FIDUCIA-MOUNT,1067.00mm,928.50mm,T,0,MarkPoint
AA1,SMARTPRJ_FIDUCIA-MOUNT,1000.00mm,1000.00mm,T,0,SMARTPRJ_FIDUCIALMOUNT
AA2,SMARTPRJ_FIDUCIA-MOUNT,1110.97mm,865.02mm,T,0,SMARTPRJ_FIDUCIALMOUNT
AA4,SMARTPRJ_FIDUCIA-MOUNT,999.30mm,937.99mm,T,0,SMARTPRJ_FIDUCIALMOUNT
AA6,SMARTPRJ_FIDUCIA-MOUNT,1043.97mm,936.52mm,T,0,SMARTPRJ_FIDUCIALMOUNT
AA11,SMARTPRJ_FIDUCIA-MOUNT,1043.97mm,936.52mm,T,0,SMARTPRJ_FIDUCIALMOUNT
BBB_1,KAYO_SMARTPRJ_FIDUCIA-MOUNT,1116.97mm,1005.68mm,T,0,NoValue
BBB_2,KAYO_SMARTPRJ_FIDUCIA-MOUNT,992.97mm,859.36mm,T,0,NoValue
BBB_3,KAYO_SMARTPRJ_FIDUCIA-MOUNT,992.97mm,1005.68mm,T,0,NoValue
C1,C0603,1013.57mm,955.17mm,T,180,C0603_100NF
C2,C0603,1017.97mm,955.17mm,T,180,C0603_100NF
C3,C0603,1017.97mm,953.48mm,T,0,C0603_100NF
C4,C0603,1034.62mm,947.47mm,T,90,C0603_100NF
C6,C0603,1019.28mm,947.47mm,T,90,C0603_100NF
C7,C0603,1016.97mm,947.47mm,T,-90,C0603_12pF
C8,C0603,1010.57mm,947.47mm,T,-90,C0603_12pF
D1,SOT23,1035.47mm,958.97mm,T,0,BAT54_A
D2,SOT23,1030.77mm,958.97mm,T,90,BAT54_A
IC1,SO14,1026.07mm,950.37mm,T,90,KXN_74AC08D
J2,KXN_SPARKFUN-CONNECTORS_USB-C-16P-2LAYER-PADS,1021.47mm,1000.77mm,T,-90,NoValue
LED_3,ADAFRUIT_CHIP-LED0603,1011.17mm,1000.77mm,T,180,LED_0603_R
LED_4,ADAFRUIT_CHIP-LED0603,1031.77mm,1000.77mm,T,0,LED_0603_Y
Q_XTAL3225_4P_1,NX3225_KAYO_FEEDER,1013.77mm,949.32mm,T,0,XTAL_3225_16Mhz
R7,R0603,1008.17mm,1000.77mm,T,90,R0603_1K
R8,R0603,1026.07mm,956.27mm,T,180,R0603_300R
R9,R0603,1032.62mm,947.47mm,T,90,R0603-10K
R10,R0603,1014.17mm,1000.77mm,T,-90,R0603-4.7K
R11,R0603,1028.77mm,1000.77mm,T,-90,R0603-4.7K
R12,R0603,1013.92mm,946.57mm,T,180,1M
R13,R0603,1039.37mm,958.97mm,T,90,300R
R14,R0603,1032.97mm,962.87mm,T,0,1k
R15,R0603,1032.97mm,964.77mm,T,180,1k
R16,R0603,1034.77mm,1000.77mm,T,90,R0603_1K
R17,R0603,1004.57mm,960.37mm,T,0,R0603_300R
R18,R0603,1004.57mm,958.47mm,T,0,R0603_300R
TP1,PAD.03X.05,1004.24mm,984.82mm,T,-90,TEST-POINT3X5
TP4,PAD.03X.05,1001.70mm,984.82mm,T,-90,TEST-POINT3X5
U$33,L9110,1006.52mm,953.52mm,T,90,L9110
U$34,L9110,1036.42mm,953.52mm,T,-90,L9110
U$39,RCL_PANASONIC_D,1024.27mm,961.97mm,T,90,C_ALU_D_100uF
U1,SO016,1013.87mm,961.97mm,T,180,CH340C_SOP16
